id,active,academic_year/id,class_id/id,evaluation_type,division_id/id,divisional,name,obj_mark,optional_for/id,paper,pass_mark,prac_mark,selection_type,display,subj_mark,total_mark,tut_mark,compulsory_for/id,tut_pass,subj_pass,obj_pass,prac_pass,selective_for/id
__export__.education_syllabus_1_3fc7a0e8,True,__export__.education_academic_year_1_19e0b085,__export__.education_class_1_d1a78863,General,,False,BengaliClass 1-2018,0,,,33,0,Compulsory,Bengali,80,100,20,,7,26,0,0,
__export__.education_syllabus_2_561debc3,True,__export__.education_academic_year_1_19e0b085,__export__.education_class_1_d1a78863,General,,False,EnglishClass 1-2018,0,,,33,0,Compulsory,English,80,100,20,,7,26,0,0,
__export__.education_syllabus_3_c6299c13,True,__export__.education_academic_year_1_19e0b085,__export__.education_class_1_d1a78863,General,,False,MathematicsClass 1-2018,0,,,33,0,Compulsory,Mathematics,80,100,20,,7,26,0,0,
__export__.education_syllabus_4_0ad1376c,True,__export__.education_academic_year_1_19e0b085,__export__.education_class_1_d1a78863,General,,False,Moral EducationClass 1-2018,0,,,33,0,Compulsory,Moral Education,80,100,20,,7,26,0,0,
__export__.education_syllabus_5_f1dd4938,True,__export__.education_academic_year_1_19e0b085,__export__.education_class_1_d1a78863,General,,False,ScienceClass 1-2018,0,,,33,0,Compulsory,Science,80,100,20,,7,26,0,0,
__export__.education_syllabus_6_71b06156,True,__export__.education_academic_year_4_bba79d68,__export__.education_class_11_1f003666,General,,False,Bangla-1stSSC Candidate-2019,30,,1st,33,0,Compulsory,Bangla-1st,70,100,0,,0,23,10,0,
__export__.education_syllabus_8_0c25e9c7,True,__export__.education_academic_year_4_bba79d68,__export__.education_class_11_1f003666,General,,False,Bangla-2nd SSC Candidate-2019,23,,2nd,33,0,Compulsory,Bangla-2nd,70,93,0,,0,23,10,0,
__export__.education_syllabus_9_56f0ef02,True,__export__.education_academic_year_4_bba79d68,__export__.education_class_11_1f003666,General,,False,English-1st SSC Candidate-2019,0,,1st,33,0,Compulsory,English-1st,100,100,0,,0,33,0,0,
__export__.education_syllabus_10_e3b00f25,True,__export__.education_academic_year_4_bba79d68,__export__.education_class_11_1f003666,General,,False,English-2nd SSC Candidate-2019,0,,2nd,33,0,Compulsory,English-2nd,100,100,0,,0,33,0,0,
__export__.education_syllabus_11_b0662423,True,__export__.education_academic_year_4_bba79d68,__export__.education_class_11_1f003666,General,,False,Mathematics SSC Candidate-2019,30,,,33,0,Compulsory,Mathematics,70,100,0,,0,23,10,0,
__export__.education_syllabus_12_9bd3abe9,True,__export__.education_academic_year_4_bba79d68,__export__.education_class_11_1f003666,General,,False,ICT SSC Candidate-2019,25,,,16,25,Compulsory,ICT,0,50,0,,0,0,8,8,
__export__.education_syllabus_13_94cfc7de,True,__export__.education_academic_year_4_bba79d68,__export__.education_class_11_1f003666,General,,False,Rel & Moral EduSSC Candidate-2019,30,,,33,0,Compulsory,Rel & Moral Edu,70,100,0,,0,23,10,0,
__export__.education_syllabus_14_0606a801,True,__export__.education_academic_year_4_bba79d68,__export__.education_class_11_1f003666,General,education_core.division_data3,True,Economics SSC Candidate-2019,30,,,33,0,Compulsory,Economics,70,100,0,,0,23,10,0,
__export__.education_syllabus_15_c792fded,True,__export__.education_academic_year_4_bba79d68,__export__.education_class_11_1f003666,General,education_core.division_data3,True,HB & Glb CP.SSC Candidate-2019,30,,,33,0,Compulsory,HB & Glb CP.,70,100,0,,0,23,10,0,
__export__.education_syllabus_16_c2158308,True,__export__.education_academic_year_4_bba79d68,__export__.education_class_11_1f003666,General,education_core.division_data3,True,GeographySSC Candidate-2019,30,,,33,0,Compulsory,Geography,70,100,0,,0,23,10,0,
__export__.education_syllabus_17_f5b590ee,True,__export__.education_academic_year_4_bba79d68,__export__.education_class_11_1f003666,General,education_core.division_data3,True,Gen Science SSC Candidate-2019,30,,,33,0,Compulsory,Gen Science,70,100,0,,0,23,10,0,
__export__.education_syllabus_18_50dcd9b7,True,__export__.education_academic_year_4_bba79d68,__export__.education_class_11_1f003666,General,education_core.division_data3,True,Home ScienceSSC Candidate-2019,0,,,0,0,Elective,Home Science,0,0,0,,0,0,0,0,
__export__.education_syllabus_19_c76e36ea,True,__export__.education_academic_year_4_bba79d68,__export__.education_class_11_1f003666,Extra,,False,Phy. EducationSSC Candidate-2019,0,,,33,0,Compulsory,Phy. Education,100,100,0,,0,33,0,0,
__export__.education_syllabus_20_349a061e,True,__export__.education_academic_year_4_bba79d68,__export__.education_class_11_1f003666,Extra,,False,Career Education SSC Candidate-2019,0,,,17,0,Compulsory,Career Education,50,50,0,,0,17,0,0,
__export__.education_syllabus_21_cbfe02fe,True,__export__.education_academic_year_4_bba79d68,__export__.education_class_11_1f003666,General,education_core.division_data1,True,Bang & Global Int. SSC Candidate-2019,30,,,33,0,Compulsory,Bang & Global Int.,70,100,0,,0,23,10,0,
__export__.education_syllabus_22_f04560ce,True,__export__.education_academic_year_4_bba79d68,__export__.education_class_11_1f003666,General,education_core.division_data1,True,Physics SSC Candidate-2019,25,,,33,25,Compulsory,Physics ,50,100,0,,0,17,8,8,
__export__.education_syllabus_23_3546ee68,True,__export__.education_academic_year_4_bba79d68,__export__.education_class_11_1f003666,General,education_core.division_data1,True,ChemistrySSC Candidate-2019,25,,,33,25,Compulsory,Chemistry,50,100,0,,0,17,8,8,
__export__.education_syllabus_24_5032abc2,True,__export__.education_academic_year_4_bba79d68,__export__.education_class_11_1f003666,General,education_core.division_data1,True,H. Math SSC Candidate-2019,25,,,33,25,Elective,H. Math,50,100,0,,0,17,8,8,
__export__.education_syllabus_25_1dbe6cc6,True,__export__.education_academic_year_4_bba79d68,__export__.education_class_11_1f003666,General,education_core.division_data1,True,BiologySSC Candidate-2019,25,,,33,25,Elective,Biology,50,100,0,,0,17,8,8,
__export__.education_syllabus_25_4c3fde8c,True,__export__.education_academic_year_4_bba79d68,__export__.education_class_11_1f003666,General,,False,Arts & Crafts SSC-2019,15,,,33,25,Elective,Arts & Crafts,60,100,0,,0,20,5,8,
__export__.education_syllabus_26_a028e1be,True,__export__.education_academic_year_4_bba79d68,__export__.education_class_11_1f003666,General,education_core.division_data2,True,Business Ent.SSC Candidate-2019,30,,,33,0,Elective,Business Ent.,70,100,0,,0,23,10,0,
__export__.education_syllabus_27_8b5ff735,True,__export__.education_academic_year_4_bba79d68,__export__.education_class_11_1f003666,General,,False,Accounting SSC-2019,30,,,33,0,Elective,Accounting,70,100,0,,0,23,10,0,
__export__.education_syllabus_28_a4dfd693,True,__export__.education_academic_year_4_bba79d68,__export__.education_class_11_1f003666,General,,False,Finance SSC-2019,30,,,33,0,Elective,Finance,70,100,0,,0,23,10,0,
__export__.education_syllabus_29_5b13b7b8,True,__export__.education_academic_year_4_bba79d68,__export__.education_class_1_d1a78863,General,,False,Bangla Class 1-2019,0,,,33,0,Compulsory,Bangla,80,100,20,,0,0,0,0,
__export__.education_syllabus_30_64206676,True,__export__.education_academic_year_4_bba79d68,__export__.education_class_1_d1a78863,General,,False,English Class 1-2019,0,,,0,0,Compulsory,English,80,100,20,,0,0,0,0,
__export__.education_syllabus_31_d3fad583,True,__export__.education_academic_year_4_bba79d68,__export__.education_class_1_d1a78863,General,,False,Mathematics Class 1-2019,0,,,0,0,Compulsory,Mathematics,80,100,20,,0,0,0,0,
__export__.education_syllabus_32_3583a4b8,True,__export__.education_academic_year_4_bba79d68,__export__.education_class_1_d1a78863,General,,False,Rel & Moral Edu Class 1-2019,0,,,50,0,Compulsory,Rel & Moral Edu,80,100,20,,10,40,0,0,
__export__.education_syllabus_33_9fe9f909,True,__export__.education_academic_year_4_bba79d68,__export__.education_class_1_d1a78863,General,,False,Bang & Global Int. Class 1-2019,0,,,40,0,Compulsory,Bang & Global Int.,80,100,20,,10,30,0,0,
__export__.education_syllabus_34_eb3efa71,True,__export__.education_academic_year_4_bba79d68,__export__.education_class_1_d1a78863,General,,False,Bangla Dictation Class 1-2019,0,,,17,0,Compulsory,Bangla Dictation,50,50,0,,0,17,0,0,
__export__.education_syllabus_35_9afad177,True,__export__.education_academic_year_4_bba79d68,__export__.education_class_1_d1a78863,General,,False,English Dictation Class 1-2019,0,,,17,0,Compulsory,English Dictation,50,50,0,,0,17,0,0,
__export__.education_syllabus_36_b6783239,True,__export__.education_academic_year_4_bba79d68,__export__.education_class_1_d1a78863,Extra,,False,Arts & Crafts Class 1-2019,0,,,17,0,Compulsory,Arts & Crafts,50,50,0,,0,17,0,0,
__export__.education_syllabus_37_93253949,True,__export__.education_academic_year_4_bba79d68,__export__.education_class_2_8a4446be,General,,False,Bangla Class 2-2019,0,,,40,0,Compulsory,Bangla,80,100,20,,10,30,0,0,
__export__.education_syllabus_38_4abfae0c,True,__export__.education_academic_year_4_bba79d68,__export__.education_class_2_8a4446be,General,,False,EnglishClass 2-2019,0,,,40,0,Compulsory,English,80,100,20,,10,30,0,0,
__export__.education_syllabus_39_982d0171,True,__export__.education_academic_year_4_bba79d68,__export__.education_class_2_8a4446be,General,,False,Mathematics Class 2-2019,0,,,40,0,Compulsory,Mathematics,80,100,20,,10,30,0,0,
__export__.education_syllabus_40_db2dd6db,True,__export__.education_academic_year_4_bba79d68,__export__.education_class_2_8a4446be,General,,False,Rel & Moral EduClass 2-2019,0,,,40,0,Compulsory,Rel & Moral Edu,80,100,20,,10,30,0,0,
__export__.education_syllabus_41_c6dad511,True,__export__.education_academic_year_4_bba79d68,__export__.education_class_2_8a4446be,General,,False,Bang & Global Int.Class 2-2019,0,,,40,0,Compulsory,Bang & Global Int.,80,100,20,,10,30,0,0,
__export__.education_syllabus_42_25129ee6,True,__export__.education_academic_year_4_bba79d68,__export__.education_class_2_8a4446be,General,,False,Bangla Dictation Class 2-2019,0,,,17,0,Compulsory,Bangla Dictation,50,50,0,,0,17,0,0,
__export__.education_syllabus_43_97432a8e,True,__export__.education_academic_year_4_bba79d68,__export__.education_class_2_8a4446be,General,,False,English Dictation Class 2-2019,0,,,17,0,Compulsory,English Dictation,50,50,0,,0,17,0,0,
__export__.education_syllabus_44_626c8bf0,True,__export__.education_academic_year_4_bba79d68,__export__.education_class_2_8a4446be,Extra,,False,Arts & CraftsClass 2-2019,0,,,17,0,Compulsory,Arts & Crafts,50,50,0,,0,17,0,0,
__export__.education_syllabus_45_0ba59f24,True,__export__.education_academic_year_4_bba79d68,__export__.education_class_3_710c85ee,General,,False,Bangla Class 3-2019,0,,,40,0,Compulsory,Bangla,80,100,20,,10,30,0,0,
__export__.education_syllabus_46_4872fabd,True,__export__.education_academic_year_4_bba79d68,__export__.education_class_3_710c85ee,General,,False,English Class 3-2019,0,,,40,0,Compulsory,English,80,100,20,,10,30,0,0,
__export__.education_syllabus_47_22bcd18f,True,__export__.education_academic_year_4_bba79d68,__export__.education_class_3_710c85ee,General,,False,Mathematics Class 3-2019,0,,,40,0,Compulsory,Mathematics,80,100,20,,10,30,0,0,
__export__.education_syllabus_48_c2ad8253,True,__export__.education_academic_year_4_bba79d68,__export__.education_class_3_710c85ee,General,,False,Rel & Moral Edu Class 3-2019,0,,,40,0,Compulsory,Rel & Moral Edu,80,100,20,,10,30,0,0,
__export__.education_syllabus_49_788087d9,True,__export__.education_academic_year_4_bba79d68,__export__.education_class_3_710c85ee,General,,False,Bang & Global Int. Class 3-2019,0,,,40,0,Compulsory,Bang & Global Int.,80,100,20,,10,30,0,0,
__export__.education_syllabus_50_49a5c840,True,__export__.education_academic_year_4_bba79d68,__export__.education_class_3_710c85ee,General,,False,Gen Science Class 3-2019,0,,,40,0,Compulsory,Gen Science,80,100,20,,10,30,0,0,
__export__.education_syllabus_51_667778c8,True,__export__.education_academic_year_4_bba79d68,__export__.education_class_3_710c85ee,General,,False,Bangla Dictation Class 3-2019,0,,,17,0,Compulsory,Bangla Dictation,50,50,0,,0,17,0,0,
__export__.education_syllabus_52_2fcda724,True,__export__.education_academic_year_4_bba79d68,__export__.education_class_3_710c85ee,General,,False,English DictationClass 3-2019,0,,,17,0,Compulsory,English Dictation,50,50,0,,0,17,0,0,
__export__.education_syllabus_53_eafc3123,True,__export__.education_academic_year_4_bba79d68,__export__.education_class_3_710c85ee,Extra,,False,General Knowledge Class 3-2019,0,,,17,0,Compulsory,Gen. Knowledge,50,50,0,,0,17,0,0,
__export__.education_syllabus_54_c0cbf5cc,True,__export__.education_academic_year_4_bba79d68,__export__.education_class_3_710c85ee,Extra,,False,Phy. Education Class 3-2019,0,,,17,0,Compulsory,Phy. Education,50,50,0,,0,17,0,0,
__export__.education_syllabus_55_09490b89,True,__export__.education_academic_year_4_bba79d68,__export__.education_class_3_710c85ee,Extra,,False,Arts & Crafts Class 3-2019,0,,,17,0,Compulsory,Arts & Crafts,50,50,0,,0,17,0,0,
__export__.education_syllabus_56_e8482c6e,True,__export__.education_academic_year_4_bba79d68,__export__.education_class_4_0614aa18,General,,False,BanglaClass 4-2019,0,,,40,0,Compulsory,Bangla,80,100,20,,10,30,0,0,
__export__.education_syllabus_57_f34539d0,True,__export__.education_academic_year_4_bba79d68,__export__.education_class_4_0614aa18,General,,False,EnglishClass 4-2019,0,,,40,0,Compulsory,English,80,100,20,,10,30,0,0,
__export__.education_syllabus_58_694edc40,True,__export__.education_academic_year_4_bba79d68,__export__.education_class_4_0614aa18,General,,False,Mathematics Class 4-2019,0,,,40,0,Compulsory,Mathematics,80,100,20,,10,30,0,0,
__export__.education_syllabus_59_f530f6d5,True,__export__.education_academic_year_4_bba79d68,__export__.education_class_4_0614aa18,General,,False,Rel & Moral Edu Class 4-2019,0,,,40,0,Compulsory,Rel & Moral Edu,80,100,20,,10,30,0,0,
__export__.education_syllabus_60_227f5f5b,True,__export__.education_academic_year_4_bba79d68,__export__.education_class_4_0614aa18,General,,False,Bang & Global Int. Class 4-2019,0,,,40,0,Compulsory,Bang & Global Int.,80,100,20,,10,30,0,0,
__export__.education_syllabus_61_979a7220,True,__export__.education_academic_year_4_bba79d68,__export__.education_class_4_0614aa18,General,,False,Gen Science Class 4-2019,0,,,40,0,Compulsory,Gen Science,80,100,20,,10,30,0,0,
__export__.education_syllabus_62_97ecd84b,True,__export__.education_academic_year_4_bba79d68,__export__.education_class_4_0614aa18,General,,False,Bangla Dictation & Sp. Class 4-2019,0,,,17,0,Compulsory,Bangla Dictation & Sp.,50,50,0,,0,17,0,0,
__export__.education_syllabus_63_2aaa45b6,True,__export__.education_academic_year_4_bba79d68,__export__.education_class_4_0614aa18,General,,False,English Dictation & Sp. Class 4-2019,0,,,17,0,Compulsory,English Dictation & Sp.,50,50,0,,0,17,0,0,
__export__.education_syllabus_64_bb5517eb,True,__export__.education_academic_year_4_bba79d68,__export__.education_class_4_0614aa18,Extra,,False,General Knowledge Class 4-2019,0,,,17,0,Compulsory,General Knowledge,50,50,0,,0,17,0,0,
__export__.education_syllabus_65_58f17b51,True,__export__.education_academic_year_4_bba79d68,__export__.education_class_4_0614aa18,Extra,,False,Phy. Education Class 4-2019,0,,,17,0,Compulsory,Phy. Education,50,50,0,,0,17,0,0,
__export__.education_syllabus_66_8a1d37be,True,__export__.education_academic_year_4_bba79d68,__export__.education_class_4_0614aa18,Extra,,False,Arts & CraftsClass 4-2019,0,,,17,0,Compulsory,Arts & Crafts,50,50,0,,0,17,0,0,
__export__.education_syllabus_67_84edcc13,True,__export__.education_academic_year_4_bba79d68,__export__.education_class_5_3d299d3a,General,,False,Bangla Class 5-2019,0,,,41,0,Compulsory,Bangla,100,125,25,,8,33,0,0,
__export__.education_syllabus_68_28181dc6,True,__export__.education_academic_year_4_bba79d68,__export__.education_class_5_3d299d3a,General,,False,English Class 5-2019,0,,,41,0,Compulsory,English,100,125,25,,8,33,0,0,
__export__.education_syllabus_69_474caf4e,True,__export__.education_academic_year_4_bba79d68,__export__.education_class_5_3d299d3a,General,,False,Mathematics Class 5-2019,0,,,41,0,Compulsory,Mathematics,100,125,25,,8,33,0,0,
__export__.education_syllabus_70_dd2b51fc,True,__export__.education_academic_year_4_bba79d68,__export__.education_class_5_3d299d3a,General,,False,Rel & Moral EduClass 5-2019,0,,,41,0,Compulsory,Rel & Moral Edu,100,125,25,,8,33,0,0,
__export__.education_syllabus_71_63caf915,True,__export__.education_academic_year_4_bba79d68,__export__.education_class_5_3d299d3a,General,,False,Bang & Global Int. Class 5-2019,0,,,41,0,Compulsory,Bang & Global Int.,100,125,25,,8,33,0,0,
__export__.education_syllabus_72_ef3228cd,True,__export__.education_academic_year_4_bba79d68,__export__.education_class_5_3d299d3a,General,,False,Elementary Science Class 5-2019,0,,,41,0,Compulsory,Elementary Science,100,125,25,,8,33,0,0,
__export__.education_syllabus_73_bd361abc,True,__export__.education_academic_year_4_bba79d68,__export__.education_class_6_83de9d6c,General,,False,Bangla-1st Class 6-2019,20,,1st ,33,0,Compulsory,Bangla-1st ,60,100,20,,6,20,7,0,
__export__.education_syllabus_74_d73cbbaf,True,__export__.education_academic_year_4_bba79d68,__export__.education_class_6_83de9d6c,General,,False,Bangla-2nd Class 6-2019,20,,2nd,17,0,Compulsory,Bangla-2nd,30,50,0,,0,10,7,0,
__export__.education_syllabus_75_d95b2075,True,__export__.education_academic_year_4_bba79d68,__export__.education_class_6_83de9d6c,General,,False,English-1st Class 6-2019,0,,1st,0,0,Compulsory,English-1st,80,100,20,,0,0,0,0,
__export__.education_syllabus_76_dee074d4,True,__export__.education_academic_year_4_bba79d68,__export__.education_class_6_83de9d6c,General,,False,English-2nd Class 6-2019,0,,2nd,0,0,Compulsory,English-2nd,50,50,0,,0,0,0,0,
__export__.education_syllabus_77_292d73da,True,__export__.education_academic_year_4_bba79d68,__export__.education_class_6_83de9d6c,General,,False,Mathematics Class 6-2019,20,,,33,0,Compulsory,Mathematics,60,100,20,,6,20,7,0,
__export__.education_syllabus_78_e0f58bcf,True,__export__.education_academic_year_4_bba79d68,__export__.education_class_6_83de9d6c,General,,False,Rel & Moral Edu Class 6-2019,20,,,33,0,Compulsory,Rel & Moral Edu,60,100,20,,6,20,7,0,
__export__.education_syllabus_79_abfbf97d,True,__export__.education_academic_year_4_bba79d68,__export__.education_class_6_83de9d6c,General,,False,Bang & Global Int. Class 6-2019,20,,,33,0,Compulsory,Bang & Global Int.,60,100,20,,6,20,7,0,
__export__.education_syllabus_80_d36fce97,True,__export__.education_academic_year_4_bba79d68,__export__.education_class_6_83de9d6c,General,,False,Gen Science Class 6-2019,20,,,33,0,Compulsory,Gen Science,60,100,20,,6,20,7,0,
__export__.education_syllabus_81_689c2301,True,__export__.education_academic_year_4_bba79d68,__export__.education_class_6_83de9d6c,General,,False,ICT Class 6-2019,25,,,17,0,Compulsory,ICT,25,50,0,,0,8,9,0,
__export__.education_syllabus_82_9512674d,True,__export__.education_academic_year_4_bba79d68,__export__.education_class_6_83de9d6c,General,,False,Bangla Dictation Class 6-2019,0,,,17,0,Compulsory,Bangla Dictation,50,50,0,,0,17,0,0,
__export__.education_syllabus_83_3e105246,True,__export__.education_academic_year_4_bba79d68,__export__.education_class_6_83de9d6c,General,,False,English Dictation Class 6-2019,0,,,17,0,Compulsory,English Dictation,50,50,0,,0,17,0,0,
__export__.education_syllabus_84_890e9b96,True,__export__.education_academic_year_4_bba79d68,__export__.education_class_6_83de9d6c,General,,False,Agr./ H.Sci Class 6-2019,20,,,33,0,Compulsory,Agr./ H.Sci,60,100,20,,6,20,7,0,
__export__.education_syllabus_85_22b3d9a8,True,__export__.education_academic_year_4_bba79d68,__export__.education_class_6_83de9d6c,Extra,,False,W.& Life Ori. Edu. Class 6-2019,0,,,17,0,Compulsory,W.& Life Ori. Edu.,50,50,0,,0,17,0,0,
__export__.education_syllabus_86_85303b1c,True,__export__.education_academic_year_4_bba79d68,__export__.education_class_6_83de9d6c,Extra,,False,Arts & Crafts Class 6-2019,0,,,17,0,Compulsory,Arts & Crafts,50,50,0,,0,17,0,0,
__export__.education_syllabus_87_543958a2,True,__export__.education_academic_year_4_bba79d68,__export__.education_class_6_83de9d6c,Extra,,False,General KnowledgeClass 6-2019,0,,,17,0,Compulsory,General Knowledge,50,50,0,,0,17,0,0,
__export__.education_syllabus_88_093dcaa3,True,__export__.education_academic_year_4_bba79d68,__export__.education_class_6_83de9d6c,Extra,,False,Phy. Education Class 6-2019,0,,,17,0,Compulsory,Phy. Education,50,50,0,,0,17,0,0,
__export__.education_syllabus_89_b4ba0e58,True,__export__.education_academic_year_4_bba79d68,__export__.education_class_7_18380dde,General,,False,Bangla-1st Class 7-2019,20,,1st ,33,0,Compulsory,Bangla-1st ,60,100,20,,6,20,7,0,
__export__.education_syllabus_90_c36e9998,True,__export__.education_academic_year_4_bba79d68,__export__.education_class_7_18380dde,General,,False,Bangla-2nd Class 7-2019,20,,2nd,17,0,Compulsory,Bangla-2nd,30,50,0,,0,10,7,0,
__export__.education_syllabus_91_00d49964,True,__export__.education_academic_year_4_bba79d68,__export__.education_class_7_18380dde,General,,False,English-1st Class 7-2019,0,,1st,0,0,Compulsory,English-1st,80,100,20,,0,0,0,0,
__export__.education_syllabus_92_0eb04dab,True,__export__.education_academic_year_4_bba79d68,__export__.education_class_7_18380dde,General,,False,English-2nd Class 7-2019,0,,2nd,0,0,Compulsory,English-2nd,50,50,0,,0,0,0,0,
__export__.education_syllabus_93_56185c6c,True,__export__.education_academic_year_4_bba79d68,__export__.education_class_7_18380dde,General,,False,Mathematics Class 7-2019,20,,,33,0,Compulsory,Mathematics,60,100,20,,6,20,7,0,
__export__.education_syllabus_94_d1e898f6,True,__export__.education_academic_year_4_bba79d68,__export__.education_class_7_18380dde,General,,False,Rel & Moral Edu Class 7-2019,20,,,33,0,Compulsory,Rel & Moral Edu,60,100,20,,6,20,7,0,
__export__.education_syllabus_95_dbd504a5,True,__export__.education_academic_year_4_bba79d68,__export__.education_class_7_18380dde,General,,False,Bang & Global Int.Class 7-2019,20,,,33,0,Compulsory,Bang & Global Int.,60,100,20,,6,20,7,0,
__export__.education_syllabus_96_347e1f1c,True,__export__.education_academic_year_4_bba79d68,__export__.education_class_7_18380dde,General,,False,Gen Science Class 7-2019,20,,,33,0,Compulsory,Gen Science,60,100,20,,6,20,7,0,
__export__.education_syllabus_97_a9b86e0f,True,__export__.education_academic_year_4_bba79d68,__export__.education_class_7_18380dde,General,,False,ICT Class 7-2019,25,,,17,0,Compulsory,ICT,25,50,0,,0,8,9,0,
__export__.education_syllabus_98_52f97ded,True,__export__.education_academic_year_4_bba79d68,__export__.education_class_7_18380dde,General,,False,Bangla Dictation Class 7-2019,0,,,17,0,Compulsory,Bangla Dictation,50,50,0,,0,17,0,0,
__export__.education_syllabus_99_30eff732,True,__export__.education_academic_year_4_bba79d68,__export__.education_class_7_18380dde,General,,False,English Dictation Class 7-2019,0,,,17,0,Compulsory,English Dictation,50,50,0,,0,17,0,0,
__export__.education_syllabus_100_6f7a7516,True,__export__.education_academic_year_4_bba79d68,__export__.education_class_7_18380dde,General,,False,Agriculture Class 7-2019,20,,,33,0,Compulsory,Agriculture,60,100,20,,6,20,7,0,
__export__.education_syllabus_101_3f990f8e,True,__export__.education_academic_year_4_bba79d68,__export__.education_class_7_18380dde,Extra,,False,W.& Life Ori. Edu. Class 7-2019,0,,,17,0,Compulsory,W.& Life Ori. Edu.,50,50,0,,0,17,0,0,
__export__.education_syllabus_102_c6681a62,True,__export__.education_academic_year_4_bba79d68,__export__.education_class_7_18380dde,Extra,,False,Arts & CraftsClass 7-2019,0,,,17,0,Compulsory,Arts & Crafts,50,50,0,,0,17,0,0,
__export__.education_syllabus_103_51f02c49,True,__export__.education_academic_year_4_bba79d68,__export__.education_class_7_18380dde,Extra,,False,General Knowledge Class 7-2019,0,,,17,0,Compulsory,General Knowledge,50,50,0,,0,17,0,0,
__export__.education_syllabus_104_78558921,True,__export__.education_academic_year_4_bba79d68,__export__.education_class_7_18380dde,Extra,,False,Phy. Education Class 7-2019,0,,,17,0,Compulsory,Phy. Education,50,50,0,,0,17,0,0,
__export__.education_syllabus_105_b2a34e14,True,__export__.education_academic_year_4_bba79d68,__export__.education_class_8_6ebe08db,General,,False,Bangla Class 8-2019,30,,,33,0,Compulsory,Bangla,70,100,0,,0,23,10,0,
__export__.education_syllabus_106_6829b933,True,__export__.education_academic_year_4_bba79d68,__export__.education_class_8_6ebe08db,General,,False,English Class 8-2019,0,,,33,0,Compulsory,English,100,100,0,,0,33,0,0,
__export__.education_syllabus_107_ab79755b,True,__export__.education_academic_year_4_bba79d68,__export__.education_class_8_6ebe08db,General,,False,Mathematics Class 8-2019,30,,,33,0,Compulsory,Mathematics,70,100,0,,0,23,10,0,
__export__.education_syllabus_108_312a7d47,True,__export__.education_academic_year_4_bba79d68,__export__.education_class_8_6ebe08db,General,,False,Rel & Moral EduClass 8-2019,30,,,33,0,Compulsory,Rel & Moral Edu,70,100,0,,0,23,10,0,
__export__.education_syllabus_109_73745c52,True,__export__.education_academic_year_4_bba79d68,__export__.education_class_8_6ebe08db,General,,False,Bang & Global Int. Class 8-2019,30,,,33,0,Compulsory,Bang & Global Int.,70,100,0,,0,23,10,0,
__export__.education_syllabus_110_962e498c,True,__export__.education_academic_year_4_bba79d68,__export__.education_class_8_6ebe08db,General,,False,Gen ScienceClass 8-2019,30,,,33,0,Compulsory,Gen Science,70,100,0,,0,23,10,0,
__export__.education_syllabus_111_6a8c8761,True,__export__.education_academic_year_4_bba79d68,__export__.education_class_8_6ebe08db,General,,False,ICTClass 8-2019,25,,,17,0,Compulsory,ICT,25,50,0,,0,8,9,0,
__export__.education_syllabus_112_b49fe641,True,__export__.education_academic_year_4_bba79d68,__export__.education_class_8_6ebe08db,Extra,,False,Agriculture Class 8-2019,0,,,33,40,Compulsory,Agr./H.Sci,60,100,0,,0,20,0,13,
__export__.education_syllabus_113_c603fe45,True,__export__.education_academic_year_4_bba79d68,__export__.education_class_8_6ebe08db,Extra,,False,W.& Life Ori. Edu. Class 8-2019,0,,,10,0,Compulsory,W.& Life Ori. Edu.,30,30,0,,0,10,0,0,
__export__.education_syllabus_114_b0cdaecf,True,__export__.education_academic_year_4_bba79d68,__export__.education_class_8_6ebe08db,Extra,,False,Phy. Edu. & Health Class 8-2019,0,,,10,0,Compulsory,Phy. Edu. & Health,30,30,0,,0,10,0,0,
__export__.education_syllabus_115_7c8184db,True,__export__.education_academic_year_4_bba79d68,__export__.education_class_8_6ebe08db,Extra,,False,Arts & Crafts Class 8-2019,0,,,10,0,Compulsory,Arts & Crafts,30,30,0,,0,10,0,0,
__export__.education_syllabus_73_d9123162,True,__export__.education_academic_year_4_bba79d68,__export__.education_class_6_83de9d6c,General,,False,Bangla-1st Class 6-2019,20,,1st ,33,0,Compulsory,Bangla-1st ,60,100,20,,6,20,7,0,
__export__.education_syllabus_74_92dd5c71,True,__export__.education_academic_year_4_bba79d68,__export__.education_class_6_83de9d6c,General,,False,Bangla-2nd Class 6-2019,20,,2nd,17,0,Compulsory,Bangla-2nd,30,50,0,,0,10,7,0,
__export__.education_syllabus_75_a2389e8c,True,__export__.education_academic_year_4_bba79d68,__export__.education_class_6_83de9d6c,General,,False,English-1st Class 6-2019,0,,1st,0,0,Compulsory,English-1st,80,100,20,,0,0,0,0,
__export__.education_syllabus_76_c4b4b38e,True,__export__.education_academic_year_4_bba79d68,__export__.education_class_6_83de9d6c,General,,False,English-2nd Class 6-2019,0,,2nd,0,0,Compulsory,English-2nd,50,50,0,,0,0,0,0,
__export__.education_syllabus_77_a70915e4,True,__export__.education_academic_year_4_bba79d68,__export__.education_class_6_83de9d6c,General,,False,Mathematics Class 6-2019,20,,,33,0,Compulsory,Mathematics,60,100,20,,6,20,7,0,
__export__.education_syllabus_78_aa92af7f,True,__export__.education_academic_year_4_bba79d68,__export__.education_class_6_83de9d6c,General,,False,Rel & Moral Edu Class 6-2019,20,,,33,0,Compulsory,Rel & Moral Edu,60,100,20,,6,20,7,0,
__export__.education_syllabus_79_56075bd0,True,__export__.education_academic_year_4_bba79d68,__export__.education_class_6_83de9d6c,General,,False,Bang & Global Int. Class 6-2019,20,,,33,0,Compulsory,Bang & Global Int.,60,100,20,,6,20,7,0,
__export__.education_syllabus_80_568dff9b,True,__export__.education_academic_year_4_bba79d68,__export__.education_class_6_83de9d6c,General,,False,Gen Science Class 6-2019,20,,,33,0,Compulsory,Gen Science,60,100,20,,6,20,7,0,
__export__.education_syllabus_81_98272ece,True,__export__.education_academic_year_4_bba79d68,__export__.education_class_6_83de9d6c,General,,False,ICT Class 6-2019,25,,,17,0,Compulsory,ICT,25,50,0,,0,8,9,0,
__export__.education_syllabus_82_0ebbb3d5,True,__export__.education_academic_year_4_bba79d68,__export__.education_class_6_83de9d6c,General,,False,Bangla Dictation Class 6-2019,0,,,17,0,Compulsory,Bangla Dictation,50,50,0,,0,17,0,0,
__export__.education_syllabus_83_a9268239,True,__export__.education_academic_year_4_bba79d68,__export__.education_class_6_83de9d6c,General,,False,English Dictation Class 6-2019,0,,,17,0,Compulsory,English Dictation,50,50,0,,0,17,0,0,
__export__.education_syllabus_84_d645d31b,True,__export__.education_academic_year_4_bba79d68,__export__.education_class_6_83de9d6c,General,,False,Agr./ H.Sci Class 6-2019,20,,,33,0,Compulsory,Agr./ H.Sci,60,100,20,,6,20,7,0,
__export__.education_syllabus_85_16b7623f,True,__export__.education_academic_year_4_bba79d68,__export__.education_class_6_83de9d6c,Extra,,False,W.& Life Ori. Edu. Class 6-2019,0,,,17,0,Compulsory,W.& Life Ori. Edu.,50,50,0,,0,17,0,0,
__export__.education_syllabus_86_c3158c4b,True,__export__.education_academic_year_4_bba79d68,__export__.education_class_6_83de9d6c,Extra,,False,Arts & Crafts Class 6-2019,0,,,17,0,Compulsory,Arts & Crafts,50,50,0,,0,17,0,0,
__export__.education_syllabus_87_58ee5991,True,__export__.education_academic_year_4_bba79d68,__export__.education_class_6_83de9d6c,Extra,,False,General KnowledgeClass 6-2019,0,,,17,0,Compulsory,General Knowledge,50,50,0,,0,17,0,0,
__export__.education_syllabus_88_81a01793,True,__export__.education_academic_year_4_bba79d68,__export__.education_class_6_83de9d6c,Extra,,False,Phy. Education Class 6-2019,0,,,17,0,Compulsory,Phy. Education,50,50,0,,0,17,0,0,
__export__.education_syllabus_89_1c802e93,True,__export__.education_academic_year_4_bba79d68,__export__.education_class_7_18380dde,General,,False,Bangla-1st Class 7-2019,20,,1st ,33,0,Compulsory,Bangla-1st ,60,100,20,,6,20,7,0,
__export__.education_syllabus_90_29c255b4,True,__export__.education_academic_year_4_bba79d68,__export__.education_class_7_18380dde,General,,False,Bangla-2nd Class 7-2019,20,,2nd,17,0,Compulsory,Bangla-2nd,30,50,0,,0,10,7,0,
__export__.education_syllabus_91_1d5643dd,True,__export__.education_academic_year_4_bba79d68,__export__.education_class_7_18380dde,General,,False,English-1st Class 7-2019,0,,1st,0,0,Compulsory,English-1st,80,100,20,,0,0,0,0,
__export__.education_syllabus_92_16776607,True,__export__.education_academic_year_4_bba79d68,__export__.education_class_7_18380dde,General,,False,English-2nd Class 7-2019,0,,2nd,0,0,Compulsory,English-2nd,50,50,0,,0,0,0,0,
__export__.education_syllabus_93_7848152e,True,__export__.education_academic_year_4_bba79d68,__export__.education_class_7_18380dde,General,,False,Mathematics Class 7-2019,20,,,33,0,Compulsory,Mathematics,60,100,20,,6,20,7,0,
__export__.education_syllabus_94_77f8af51,True,__export__.education_academic_year_4_bba79d68,__export__.education_class_7_18380dde,General,,False,Rel & Moral Edu Class 7-2019,20,,,33,0,Compulsory,Rel & Moral Edu,60,100,20,,6,20,7,0,
__export__.education_syllabus_95_096b3985,True,__export__.education_academic_year_4_bba79d68,__export__.education_class_7_18380dde,General,,False,Bang & Global Int.Class 7-2019,20,,,33,0,Compulsory,Bang & Global Int.,60,100,20,,6,20,7,0,
__export__.education_syllabus_96_564fc786,True,__export__.education_academic_year_4_bba79d68,__export__.education_class_7_18380dde,General,,False,Gen Science Class 7-2019,20,,,33,0,Compulsory,Gen Science,60,100,20,,6,20,7,0,
__export__.education_syllabus_97_3c41b0a5,True,__export__.education_academic_year_4_bba79d68,__export__.education_class_7_18380dde,General,,False,ICT Class 7-2019,25,,,17,0,Compulsory,ICT,25,50,0,,0,8,9,0,
__export__.education_syllabus_98_cf13cec2,True,__export__.education_academic_year_4_bba79d68,__export__.education_class_7_18380dde,General,,False,Bangla Dictation Class 7-2019,0,,,17,0,Compulsory,Bangla Dictation,50,50,0,,0,17,0,0,
__export__.education_syllabus_99_769e350f,True,__export__.education_academic_year_4_bba79d68,__export__.education_class_7_18380dde,General,,False,English Dictation Class 7-2019,0,,,17,0,Compulsory,English Dictation,50,50,0,,0,17,0,0,
__export__.education_syllabus_100_7946644e,True,__export__.education_academic_year_4_bba79d68,__export__.education_class_7_18380dde,General,,False,Agriculture Class 7-2019,20,,,33,0,Compulsory,Agriculture,60,100,20,,6,20,7,0,
__export__.education_syllabus_101_96912cfd,True,__export__.education_academic_year_4_bba79d68,__export__.education_class_7_18380dde,Extra,,False,W.& Life Ori. Edu. Class 7-2019,0,,,17,0,Compulsory,W.& Life Ori. Edu.,50,50,0,,0,17,0,0,
__export__.education_syllabus_102_6dbdc01b,True,__export__.education_academic_year_4_bba79d68,__export__.education_class_7_18380dde,Extra,,False,Arts & CraftsClass 7-2019,0,,,17,0,Compulsory,Arts & Crafts,50,50,0,,0,17,0,0,
__export__.education_syllabus_103_b2f2e241,True,__export__.education_academic_year_4_bba79d68,__export__.education_class_7_18380dde,Extra,,False,General Knowledge Class 7-2019,0,,,17,0,Compulsory,General Knowledge,50,50,0,,0,17,0,0,
__export__.education_syllabus_104_09a3d86c,True,__export__.education_academic_year_4_bba79d68,__export__.education_class_7_18380dde,Extra,,False,Phy. Education Class 7-2019,0,,,17,0,Compulsory,Phy. Education,50,50,0,,0,17,0,0,
__export__.education_syllabus_105_c01468bf,True,__export__.education_academic_year_4_bba79d68,__export__.education_class_8_6ebe08db,General,,False,Bangla Class 8-2019,30,,,33,0,Compulsory,Bangla,70,100,0,,0,23,10,0,
__export__.education_syllabus_106_97421d68,True,__export__.education_academic_year_4_bba79d68,__export__.education_class_8_6ebe08db,General,,False,English Class 8-2019,0,,,33,0,Compulsory,English,100,100,0,,0,33,0,0,
__export__.education_syllabus_107_2322b745,True,__export__.education_academic_year_4_bba79d68,__export__.education_class_8_6ebe08db,General,,False,Mathematics Class 8-2019,30,,,33,0,Compulsory,Mathematics,70,100,0,,0,23,10,0,
__export__.education_syllabus_108_20937ec6,True,__export__.education_academic_year_4_bba79d68,__export__.education_class_8_6ebe08db,General,,False,Rel & Moral EduClass 8-2019,30,,,33,0,Compulsory,Rel & Moral Edu,70,100,0,,0,23,10,0,
__export__.education_syllabus_109_cc1e9dbc,True,__export__.education_academic_year_4_bba79d68,__export__.education_class_8_6ebe08db,General,,False,Bang & Global Int. Class 8-2019,30,,,33,0,Compulsory,Bang & Global Int.,70,100,0,,0,23,10,0,
__export__.education_syllabus_110_37e44446,True,__export__.education_academic_year_4_bba79d68,__export__.education_class_8_6ebe08db,General,,False,Gen ScienceClass 8-2019,30,,,33,0,Compulsory,Gen Science,70,100,0,,0,23,10,0,
__export__.education_syllabus_111_25ec4e66,True,__export__.education_academic_year_4_bba79d68,__export__.education_class_8_6ebe08db,General,,False,ICTClass 8-2019,25,,,17,0,Compulsory,ICT,25,50,0,,0,8,9,0,
__export__.education_syllabus_112_eadec13f,True,__export__.education_academic_year_4_bba79d68,__export__.education_class_8_6ebe08db,Extra,,False,Agriculture Class 8-2019,0,,,33,40,Compulsory,Agr./H.Sci,60,100,0,,0,20,0,13,
__export__.education_syllabus_113_f06a7ed3,True,__export__.education_academic_year_4_bba79d68,__export__.education_class_8_6ebe08db,Extra,,False,W.& Life Ori. Edu. Class 8-2019,0,,,10,0,Compulsory,W.& Life Ori. Edu.,30,30,0,,0,10,0,0,
__export__.education_syllabus_114_e050bb25,True,__export__.education_academic_year_4_bba79d68,__export__.education_class_8_6ebe08db,Extra,,False,Phy. Edu. & Health Class 8-2019,0,,,10,0,Compulsory,Phy. Edu. & Health,30,30,0,,0,10,0,0,
__export__.education_syllabus_115_4ce946a1,True,__export__.education_academic_year_4_bba79d68,__export__.education_class_8_6ebe08db,Extra,,False,Arts & Crafts Class 8-2019,0,,,10,0,Compulsory,Arts & Crafts,30,30,0,,0,10,0,0,
__export__.education_syllabus_118_e2575893,True,__export__.education_academic_year_4_bba79d68,__export__.education_class_9_b36d5076,General,education_core.division_data1,True,Bangla-1stClass 9-2019,30,,1st,33,0,Compulsory,Bangla-1st,70,100,0,,0,23,10,0,
__export__.education_syllabus_120_5776911c,True,__export__.education_academic_year_4_bba79d68,__export__.education_class_9_b36d5076,General,,False,Bangla-2nd Class 9-2019,30,,2nd ,33,0,Compulsory,Bangla-2nd ,70,100,0,,0,23,10,0,
__export__.education_syllabus_122_4e53973d,True,__export__.education_academic_year_4_bba79d68,__export__.education_class_9_b36d5076,General,,False,English-1st Class 9-2019,0,,1st,0,0,Compulsory,English-1st,100,100,0,,0,0,0,0,
__export__.education_syllabus_123_d010ada2,True,__export__.education_academic_year_4_bba79d68,__export__.education_class_9_b36d5076,General,,False,English-2nd Class 9-2019,0,,2nd,0,0,Compulsory,English-2nd,100,100,0,,0,0,0,0,
__export__.education_syllabus_124_29107532,True,__export__.education_academic_year_4_bba79d68,__export__.education_class_9_b36d5076,General,,False,ICT Class 9-2019,25,,,16,0,Compulsory,ICT,25,50,0,,0,8,8,0,
__export__.education_syllabus_125_d3db3435,True,__export__.education_academic_year_4_bba79d68,__export__.education_class_9_b36d5076,General,,False,MathematicsClass 9-2019,30,,,33,0,Compulsory,Mathematics,70,100,0,,0,23,10,0,
__export__.education_syllabus_126_b67d37b7,True,__export__.education_academic_year_4_bba79d68,__export__.education_class_9_b36d5076,General,,False,Rel & Moral Edu Class 9-2019,30,,,33,0,Compulsory,Rel & Moral Edu,70,100,0,,0,23,10,0,
__export__.education_syllabus_127_7c554a3f,True,__export__.education_academic_year_4_bba79d68,__export__.education_class_9_b36d5076,General,education_core.division_data1,True,Bang & Global Int.Class 9-2019,30,,,33,0,Compulsory,Bang & Global Int.,70,100,0,,0,23,10,0,
__export__.education_syllabus_128_d738f8ed,True,__export__.education_academic_year_4_bba79d68,__export__.education_class_9_b36d5076,General,education_core.division_data1,True,Physics Class 9-2019,20,,,34,10,Compulsory,Physics ,50,100,20,,7,17,7,3,
__export__.education_syllabus_129_5e7d30da,True,__export__.education_academic_year_4_bba79d68,__export__.education_class_9_b36d5076,General,education_core.division_data1,True,Chemistry Class 9-2019,20,,,34,10,Compulsory,Chemistry,50,100,20,,7,17,7,3,
__export__.education_syllabus_130_d49d82bf,True,__export__.education_academic_year_4_bba79d68,__export__.education_class_9_b36d5076,General,education_core.division_data1,True,H. Math Class 9-2019,20,,,34,10,Elective,H. Math,50,100,20,,7,17,7,3,
__export__.education_syllabus_132_1a91e34d,True,__export__.education_academic_year_4_bba79d68,__export__.education_class_9_b36d5076,Extra,,False,Phy. Edu. & Health Class 9-2019,0,,,33,0,Compulsory,Phy. Edu. & Health,100,100,0,,0,33,0,0,
__export__.education_syllabus_133_df68026e,True,__export__.education_academic_year_4_bba79d68,__export__.education_class_9_b36d5076,Extra,,False,Career EducationClass 9-2019,0,,,17,0,Compulsory,Career Education,50,50,0,,0,17,0,0,
__export__.education_syllabus_134_95f44f4d,True,__export__.education_academic_year_4_bba79d68,__export__.education_class_9_b36d5076,General,education_core.division_data2,False,Gen Science Class 9-2019,20,,,34,0,Elective,Gen Science,60,100,20,,7,20,7,0,
__export__.education_syllabus_135_993434c6,True,__export__.education_academic_year_4_bba79d68,__export__.education_class_9_b36d5076,General,education_core.division_data2,True,Accounting Class 9-2019,20,,,34,0,Compulsory,Accounting,60,100,20,,7,20,7,0,
__export__.education_syllabus_136_c939d850,True,__export__.education_academic_year_4_bba79d68,__export__.education_class_9_b36d5076,General,education_core.division_data2,True,Business Ent.Class 9-2019,20,,,34,0,Compulsory,Business Ent.,60,100,20,,7,20,7,0,
__export__.education_syllabus_137_d156e3fc,True,__export__.education_academic_year_4_bba79d68,__export__.education_class_9_b36d5076,General,education_core.division_data2,True,Finance & Banking Class 9-2019,20,,,34,0,Compulsory,Finance & Banking,60,100,20,,7,20,7,0,
__export__.education_syllabus_138_82432d6c,True,__export__.education_academic_year_4_bba79d68,__export__.education_class_9_b36d5076,General,education_core.division_data2,False,Home ScienceClass 9-2019,20,,,34,10,Elective,Home Science,50,100,20,,7,17,7,3,
__export__.education_syllabus_139_bb7e16c6,True,__export__.education_academic_year_4_bba79d68,__export__.education_class_9_b36d5076,General,education_core.division_data2,False,Arts & Crafts Class 9-2019,20,,,34,10,Elective,Arts & Crafts,50,100,20,,7,17,7,3,
__export__.education_syllabus_140_3ffa3737,True,__export__.education_academic_year_4_bba79d68,__export__.education_class_9_b36d5076,General,education_core.division_data3,True,Economics Class 9-2019,20,,,34,0,Compulsory,Economics,60,100,20,,7,20,7,0,
__export__.education_syllabus_141_96e79ad4,True,__export__.education_academic_year_4_bba79d68,__export__.education_class_9_b36d5076,General,education_core.division_data3,True,HB & Glb CP. Class 9-2019,20,,,34,0,Compulsory,HB & Glb CP.,60,100,20,,7,20,7,0,
__export__.education_syllabus_142_eed26fb8,True,__export__.education_academic_year_4_bba79d68,__export__.education_class_9_b36d5076,General,education_core.division_data3,True,Geography Class 9-2019,20,,,34,0,Compulsory,Geography,60,100,20,,7,20,7,0,
__export__.education_syllabus_143_23363f11,True,__export__.education_academic_year_4_bba79d68,__export__.education_class_10_d6bd3867,General,,False,Bangla-1st Class 10-2019,30,,1st,33,0,Compulsory,Bangla-1st,70,100,0,,0,23,10,0,
__export__.education_syllabus_144_0f1ef1c0,True,__export__.education_academic_year_4_bba79d68,__export__.education_class_10_d6bd3867,General,,False,Bangla-2nd Class 10-2019,30,,2nd ,33,0,Compulsory,Bangla-2nd ,70,100,0,,0,23,10,0,
__export__.education_syllabus_145_4a766b18,True,__export__.education_academic_year_4_bba79d68,__export__.education_class_10_d6bd3867,General,,False,English-1stClass 10-2019,0,,1st,0,0,Compulsory,English-1st,100,100,0,,0,0,0,0,
__export__.education_syllabus_146_15427235,True,__export__.education_academic_year_4_bba79d68,__export__.education_class_10_d6bd3867,General,,False,English-2ndClass 10-2019,0,,2nd,0,0,Compulsory,English-2nd,100,100,0,,0,0,0,0,
__export__.education_syllabus_147_b735bc86,True,__export__.education_academic_year_4_bba79d68,__export__.education_class_10_d6bd3867,General,,False,ICTClass 10-2019,25,,,17,0,Compulsory,ICT,25,50,0,,0,8,8,0,
__export__.education_syllabus_148_55314b13,True,__export__.education_academic_year_4_bba79d68,__export__.education_class_10_d6bd3867,General,,False,MathematicsClass 10-2019,30,,,33,0,Compulsory,Mathematics,70,100,0,,0,23,10,0,
__export__.education_syllabus_149_842b970f,True,__export__.education_academic_year_4_bba79d68,__export__.education_class_10_d6bd3867,General,,False,Rel & Moral EduClass 10-2019,30,,,33,0,Compulsory,Rel & Moral Edu,70,100,0,,0,23,10,0,
__export__.education_syllabus_150_22e9421a,True,__export__.education_academic_year_4_bba79d68,__export__.education_class_10_d6bd3867,General,education_core.division_data1,True,Bang & Global Int.Class 10-2019,30,,,33,0,Compulsory,Bang & Global Int.,70,100,0,,0,23,10,0,
__export__.education_syllabus_151_d733aefe,True,__export__.education_academic_year_4_bba79d68,__export__.education_class_10_d6bd3867,General,education_core.division_data1,True,Physics Class 10-2019,20,,,34,10,Compulsory,Physics ,50,100,20,,7,17,7,3,
__export__.education_syllabus_152_67d3cd3a,True,__export__.education_academic_year_4_bba79d68,__export__.education_class_10_d6bd3867,General,education_core.division_data1,True,Chemistry Class 10-2019,20,,,34,10,Compulsory,Chemistry,50,100,20,,7,17,7,3,
__export__.education_syllabus_153_30743217,True,__export__.education_academic_year_4_bba79d68,__export__.education_class_10_d6bd3867,General,education_core.division_data1,True,H. MathClass 10-2019,20,,,34,10,Elective,H. Math,50,100,20,,7,17,7,3,
__export__.education_syllabus_154_5f916d57,True,__export__.education_academic_year_4_bba79d68,__export__.education_class_10_d6bd3867,Extra,,False,Phy. Edu. & Health Class 10-2019,0,,,33,0,Compulsory,Phy. Edu. & Health,100,100,0,,0,33,0,0,
__export__.education_syllabus_155_1ca805f1,True,__export__.education_academic_year_4_bba79d68,__export__.education_class_10_d6bd3867,Extra,,False,Career EducationClass 10-2019,0,,,17,0,Compulsory,Career Education,50,50,0,,0,17,0,0,
__export__.education_syllabus_156_cb488bc0,True,__export__.education_academic_year_4_bba79d68,__export__.education_class_10_d6bd3867,General,,False,Gen ScienceClass 10-2019,20,,,34,0,Elective,Gen Science,60,100,20,,7,20,7,0,
__export__.education_syllabus_157_11a716d8,True,__export__.education_academic_year_4_bba79d68,__export__.education_class_10_d6bd3867,General,education_core.division_data2,True,Accounting Class 10-2019,20,,,34,0,Compulsory,Accounting,60,100,20,,7,20,7,0,
__export__.education_syllabus_158_9834fd27,True,__export__.education_academic_year_4_bba79d68,__export__.education_class_10_d6bd3867,General,education_core.division_data2,True,Business Ent.Class 10-2019,20,,,34,0,Compulsory,Business Ent.,60,100,20,,7,20,7,0,
__export__.education_syllabus_159_813a7399,True,__export__.education_academic_year_4_bba79d68,__export__.education_class_10_d6bd3867,General,education_core.division_data2,True,Finance & BankingClass 10-2019,20,,,34,0,Compulsory,Finance & Banking,60,100,20,,7,20,7,0,
__export__.education_syllabus_160_f9794a67,True,__export__.education_academic_year_4_bba79d68,__export__.education_class_10_d6bd3867,General,,False,Home ScienceClass 10-2019,20,,,34,10,Elective,Home Science,50,100,20,,7,17,7,3,
__export__.education_syllabus_161_ce0e470b,True,__export__.education_academic_year_4_bba79d68,__export__.education_class_10_d6bd3867,General,,False,Arts & CraftsClass 10-2019,20,,,34,10,Elective,Arts & Crafts,50,100,20,,7,17,7,3,
__export__.education_syllabus_162_9e75335f,True,__export__.education_academic_year_4_bba79d68,__export__.education_class_10_d6bd3867,General,education_core.division_data3,True,EconomicsClass 10-2019,20,,,34,0,Compulsory,Economics,60,100,20,,7,20,7,0,
__export__.education_syllabus_163_99dc1f50,True,__export__.education_academic_year_4_bba79d68,__export__.education_class_10_d6bd3867,General,education_core.division_data3,True,HB & Glb CP.Class 10-2019,20,,,34,0,Compulsory,HB & Glb CP.,60,100,20,,7,20,7,0,
__export__.education_syllabus_164_27ca5920,True,__export__.education_academic_year_4_bba79d68,__export__.education_class_10_d6bd3867,General,education_core.division_data3,True,GeographyClass 10-2019,20,,,34,0,Compulsory,Geography,60,100,20,,7,20,7,0,
__export__.education_syllabus_165_64a3a872,True,__export__.education_academic_year_4_bba79d68,__export__.education_class_10_d6bd3867,General,education_core.division_data1,True,Biology Class 10-2019,20,,,34,10,Elective,Biology,50,100,20,,7,17,7,3,
__export__.education_syllabus_166_f9ea41fb,True,__export__.education_academic_year_4_bba79d68,__export__.education_class_9_b36d5076,General,education_core.division_data1,False,BiologyClass 9-2019,20,,,34,10,Elective,Biology,50,100,20,,7,17,7,3,
